id,group,gate,source,source_line,source_text,requirement,classification,claim_label,gate_disposition,authority_homes,source_homes,test_homes,evidence_homes,acceptance_evidence,dependency,mapping_limit,plan_classification,closure_evidence,also_required_by
LAA-CANDIDATE-01,LAA-CANDIDATE,,docs/LIVING-ALPHA-ACCEPTANCE.md,26,- advanced Worker commit and full test result;,advanced Worker commit and full test result;,evidence_gap,OBSERVED,NO_PROMOTION,"[""acceptance""]",[],[],[],NOT_ESTABLISHED_FOR_CURRENT_CANDIDATE,Pinned candidate and applicable gate review; no generic conformance inference.,Named homes are inspected supporting locations only. Empty lists mean no suitable home verified in this bounded review. Test existence is not execution or acceptance.,,,
LAA-CANDIDATE-02,LAA-CANDIDATE,,docs/LIVING-ALPHA-ACCEPTANCE.md,27,- frozen production-alpha commit and deployment being compared;,frozen production-alpha commit and deployment being compared;,evidence_gap,OBSERVED,NO_PROMOTION,"[""acceptance""]",[],[],[],NOT_ESTABLISHED_FOR_CURRENT_CANDIDATE,Pinned candidate and applicable gate review; no generic conformance inference.,Named homes are inspected supporting locations only. Empty lists mean no suitable home verified in this bounded review. Test existence is not execution or acceptance.,,,
LAA-CANDIDATE-03,LAA-CANDIDATE,,docs/LIVING-ALPHA-ACCEPTANCE.md,28,"- Perihelion Genesis, seal, room bound, and canonical head constraints;","Perihelion Genesis, seal, room bound, and canonical head constraints;",evidence_gap,OBSERVED,NO_PROMOTION,"[""acceptance""]",[],[],[],NOT_ESTABLISHED_FOR_CURRENT_CANDIDATE,Pinned candidate and applicable gate review; no generic conformance inference.,Named homes are inspected supporting locations only. Empty lists mean no suitable home verified in this bounded review. Test existence is not execution or acceptance.,,,
LAA-CANDIDATE-04,LAA-CANDIDATE,,docs/LIVING-ALPHA-ACCEPTANCE.md,29,- external Agent Player clients and Controller versions;,external Agent Player clients and Controller versions;,evidence_gap,OBSERVED,NO_PROMOTION,"[""acceptance""]",[],[],[],NOT_ESTABLISHED_FOR_CURRENT_CANDIDATE,Pinned candidate and applicable gate review; no generic conformance inference.,Named homes are inspected supporting locations only. Empty lists mean no suitable home verified in this bounded review. Test existence is not execution or acceptance.,,,
LAA-CANDIDATE-05,LAA-CANDIDATE,,docs/LIVING-ALPHA-ACCEPTANCE.md,30,- enabled implemented systems;,enabled implemented systems;,evidence_gap,OBSERVED,NO_PROMOTION,"[""acceptance""]",[],[],[],NOT_ESTABLISHED_FOR_CURRENT_CANDIDATE,Pinned candidate and applicable gate review; no generic conformance inference.,Named homes are inspected supporting locations only. Empty lists mean no suitable home verified in this bounded review. Test existence is not execution or acceptance.,,,
LAA-CANDIDATE-06,LAA-CANDIDATE,,docs/LIVING-ALPHA-ACCEPTANCE.md,31,- operator interventions;,operator interventions;,evidence_gap,OBSERVED,NO_PROMOTION,"[""acceptance""]",[],[],[],NOT_ESTABLISHED_FOR_CURRENT_CANDIDATE,Pinned candidate and applicable gate review; no generic conformance inference.,Named homes are inspected supporting locations only. Empty lists mean no suitable home verified in this bounded review. Test existence is not execution or acceptance.,,,
LAA-CANDIDATE-07,LAA-CANDIDATE,,docs/LIVING-ALPHA-ACCEPTANCE.md,32,- start/end canonical heads and recovery receipts;,start/end canonical heads and recovery receipts;,evidence_gap,OBSERVED,NO_PROMOTION,"[""acceptance""]",[],[],[],NOT_ESTABLISHED_FOR_CURRENT_CANDIDATE,Pinned candidate and applicable gate review; no generic conformance inference.,Named homes are inspected supporting locations only. Empty lists mean no suitable home verified in this bounded review. Test existence is not execution or acceptance.,,,
LAA-CANDIDATE-08,LAA-CANDIDATE,,docs/LIVING-ALPHA-ACCEPTANCE.md,33,- WATCH capture and evidence digest;,WATCH capture and evidence digest;,evidence_gap,OBSERVED,NO_PROMOTION,"[""acceptance""]",[],[],[],NOT_ESTABLISHED_FOR_CURRENT_CANDIDATE,Pinned candidate and applicable gate review; no generic conformance inference.,Named homes are inspected supporting locations only. Empty lists mean no suitable home verified in this bounded review. Test existence is not execution or acceptance.,,,
LAA-CANDIDATE-09,LAA-CANDIDATE,,docs/LIVING-ALPHA-ACCEPTANCE.md,34,- known deltas from production.,known deltas from production.,evidence_gap,OBSERVED,NO_PROMOTION,"[""acceptance""]",[],[],[],NOT_ESTABLISHED_FOR_CURRENT_CANDIDATE,Pinned candidate and applicable gate review; no generic conformance inference.,Named homes are inspected supporting locations only. Empty lists mean no suitable home verified in this bounded review. Test existence is not execution or acceptance.,,,
LAA-A-01,LAA-A,A,docs/LIVING-ALPHA-ACCEPTANCE.md,40,1. The complete Worker test suite and typecheck pass together.,The complete Worker test suite and typecheck pass together.,contract_closed,OBSERVED,ACCEPTED_HISTORICAL,"[""acceptance""]",[],[],"[""gate-a""]",ACCEPTED_2026_08_25_ONLY,Preserve accepted packet; P2 regression is a new candidate check.,Named homes are inspected supporting locations only. Empty lists mean no suitable home verified in this bounded review. Test existence is not execution or acceptance.,,,
LAA-A-02,LAA-A,A,docs/LIVING-ALPHA-ACCEPTANCE.md,41,"2. Existing GC1–GC8, GC10, diplomacy, access-policy, WATCH, settlement, and recovery paths remain enabled.","Existing GC1–GC8, GC10, diplomacy, access-policy, WATCH, settlement, and recovery paths remain enabled.",contract_closed,OBSERVED,ACCEPTED_HISTORICAL,"[""acceptance""]",[],[],"[""gate-a""]",ACCEPTED_2026_08_25_ONLY,Preserve accepted packet; P2 regression is a new candidate check.,Named homes are inspected supporting locations only. Empty lists mean no suitable home verified in this bounded review. Test existence is not execution or acceptance.,,,
LAA-A-03,LAA-A,A,docs/LIVING-ALPHA-ACCEPTANCE.md,42,3. Strategically durable state shares one authoritative event and settlement spine.,Strategically durable state shares one authoritative event and settlement spine.,contract_closed,OBSERVED,ACCEPTED_HISTORICAL,"[""acceptance""]",[],[],"[""gate-a""]",ACCEPTED_2026_08_25_ONLY,Preserve accepted packet; P2 regression is a new candidate check.,Named homes are inspected supporting locations only. Empty lists mean no suitable home verified in this bounded review. Test existence is not execution or acceptance.,,,
LAA-A-04,LAA-A,A,docs/LIVING-ALPHA-ACCEPTANCE.md,43,"4. Restart/recovery does not silently lose identities, obligations, organizations, assets, access state, or settled balances.","Restart/recovery does not silently lose identities, obligations, organizations, assets, access state, or settled balances.",contract_closed,OBSERVED,ACCEPTED_HISTORICAL,"[""acceptance""]",[],[],"[""gate-a""]",ACCEPTED_2026_08_25_ONLY,Preserve accepted packet; P2 regression is a new candidate check.,Named homes are inspected supporting locations only. Empty lists mean no suitable home verified in this bounded review. Test existence is not execution or acceptance.,,,
LAA-A-05,LAA-A,A,docs/LIVING-ALPHA-ACCEPTANCE.md,44,"5. No new Player verb, Genesis mutation, or room-bound change is introduced to repair integration.","No new Player verb, Genesis mutation, or room-bound change is introduced to repair integration.",contract_closed,OBSERVED,ACCEPTED_HISTORICAL,"[""acceptance""]",[],[],"[""gate-a""]",ACCEPTED_2026_08_25_ONLY,Preserve accepted packet; P2 regression is a new candidate check.,Named homes are inspected supporting locations only. Empty lists mean no suitable home verified in this bounded review. Test existence is not execution or acceptance.,,,
LAA-B-01,LAA-B,B,docs/LIVING-ALPHA-ACCEPTANCE.md,50,1. At least three independently controlled external Agent Players participate.,At least three independently controlled external Agent Players participate.,evidence_gap,OBSERVED,BLOCKED,"[""acceptance"", ""gate-b"", ""protocol"", ""identity""]","[""enroll-source""]","[""enroll-test""]","[""trace-b""]",NOT_ESTABLISHED_FOR_CURRENT_CANDIDATE,"P2 evidence path review, explicit approvals, P3 independent external run and review.",Named homes are inspected supporting locations only. Empty lists mean no suitable home verified in this bounded review. Test existence is not execution or acceptance.,,,
LAA-B-02,LAA-B,B,docs/LIVING-ALPHA-ACCEPTANCE.md,51,2. Each uses the supported onboarding and command path.,Each uses the supported onboarding and command path.,evidence_gap,OBSERVED,BLOCKED,"[""acceptance"", ""gate-b"", ""protocol"", ""identity""]","[""enroll-source""]","[""enroll-test""]","[""trace-b""]",NOT_ESTABLISHED_FOR_CURRENT_CANDIDATE,"P2 evidence path review, explicit approvals, P3 independent external run and review.",Named homes are inspected supporting locations only. Empty lists mean no suitable home verified in this bounded review. Test existence is not execution or acceptance.,,,
LAA-B-03,LAA-B,B,docs/LIVING-ALPHA-ACCEPTANCE.md,52,"3. Each can orient, act, disconnect, and reconnect without private strategy guidance.","Each can orient, act, disconnect, and reconnect without private strategy guidance.",evidence_gap,OBSERVED,BLOCKED,"[""acceptance"", ""gate-b"", ""protocol"", ""identity""]",[],[],"[""trace-b""]",NOT_ESTABLISHED_FOR_CURRENT_CANDIDATE,"P2 evidence path review, explicit approvals, P3 independent external run and review.",Named homes are inspected supporting locations only. Empty lists mean no suitable home verified in this bounded review. Test existence is not execution or acceptance.,,,
LAA-B-04,LAA-B,B,docs/LIVING-ALPHA-ACCEPTANCE.md,53,"4. Concurrent conflicts settle through declared ordering, idempotency, and budget rules.","Concurrent conflicts settle through declared ordering, idempotency, and budget rules.",evidence_gap,OBSERVED,BLOCKED,"[""acceptance"", ""gate-b"", ""protocol"", ""identity""]",[],[],"[""trace-b""]",NOT_ESTABLISHED_FOR_CURRENT_CANDIDATE,"P2 evidence path review, explicit approvals, P3 independent external run and review.",Named homes are inspected supporting locations only. Empty lists mean no suitable home verified in this bounded review. Test existence is not execution or acceptance.,,,
LAA-B-05,LAA-B,B,docs/LIVING-ALPHA-ACCEPTANCE.md,54,"5. Human principals remain spectators, authorizers, researchers, or operators, never Players.","Human principals remain spectators, authorizers, researchers, or operators, never Players.",evidence_gap,OBSERVED,BLOCKED,"[""acceptance"", ""gate-b"", ""protocol"", ""identity""]",[],[],"[""trace-b""]",NOT_ESTABLISHED_FOR_CURRENT_CANDIDATE,"P2 evidence path review, explicit approvals, P3 independent external run and review.",Named homes are inspected supporting locations only. Empty lists mean no suitable home verified in this bounded review. Test existence is not execution or acceptance.,,,
LAA-C-01,LAA-C,C,docs/LIVING-ALPHA-ACCEPTANCE.md,62,1. resource or transport pressure changes a decision;,resource or transport pressure changes a decision;,evidence_gap,OBSERVED,BLOCKED,"[""acceptance""]",[],"[""economy-test""]",[],NOT_ESTABLISHED_FOR_CURRENT_CANDIDATE,"Accepted Gate B, P4 coupled run and candidate-bound receipts.",Named homes are inspected supporting locations only. Empty lists mean no suitable home verified in this bounded review. Test existence is not execution or acceptance.,,,
LAA-C-02,LAA-C,C,docs/LIVING-ALPHA-ACCEPTANCE.md,63,2. mastery or specialization creates a meaningful difference;,mastery or specialization creates a meaningful difference;,evidence_gap,OBSERVED,BLOCKED,"[""acceptance""]",[],"[""practice-test""]",[],NOT_ESTABLISHED_FOR_CURRENT_CANDIDATE,"Accepted Gate B, P4 coupled run and candidate-bound receipts.",Named homes are inspected supporting locations only. Empty lists mean no suitable home verified in this bounded review. Test existence is not execution or acceptance.,,,
LAA-C-03,LAA-C,C,docs/LIVING-ALPHA-ACCEPTANCE.md,64,"3. trade, shared repair, or construction makes coordination preferable to isolation;","trade, shared repair, or construction makes coordination preferable to isolation;",evidence_gap,OBSERVED,BLOCKED,"[""acceptance""]",[],"[""economy-test""]",[],NOT_ESTABLISHED_FOR_CURRENT_CANDIDATE,"Accepted Gate B, P4 coupled run and candidate-bound receipts.",Named homes are inspected supporting locations only. Empty lists mean no suitable home verified in this bounded review. Test existence is not execution or acceptance.,,,
LAA-C-04,LAA-C,C,docs/LIVING-ALPHA-ACCEPTANCE.md,65,4. social memory affects a later decision without a universal score;,social memory affects a later decision without a universal score;,evidence_gap,OBSERVED,BLOCKED,"[""acceptance""]",[],"[""social-test""]",[],NOT_ESTABLISHED_FOR_CURRENT_CANDIDATE,"Accepted Gate B, P4 coupled run and candidate-bound receipts.",Named homes are inspected supporting locations only. Empty lists mean no suitable home verified in this bounded review. Test existence is not execution or acceptance.,,,
LAA-C-05,LAA-C,C,docs/LIVING-ALPHA-ACCEPTANCE.md,66,"5. an organization uses bounded authority, office, agreement, or access policy;","an organization uses bounded authority, office, agreement, or access policy;",evidence_gap,OBSERVED,BLOCKED,"[""acceptance""]",[],"[""office-test""]",[],NOT_ESTABLISHED_FOR_CURRENT_CANDIDATE,"Accepted Gate B, P4 coupled run and candidate-bound receipts.",Named homes are inspected supporting locations only. Empty lists mean no suitable home verified in this bounded review. Test existence is not execution or acceptance.,,,
LAA-C-06,LAA-C,C,docs/LIVING-ALPHA-ACCEPTANCE.md,67,6. communication limits or persistent notices affect coordination;,communication limits or persistent notices affect coordination;,evidence_gap,OBSERVED,BLOCKED,"[""acceptance""]",[],"[""communication-test""]",[],NOT_ESTABLISHED_FOR_CURRENT_CANDIDATE,"Accepted Gate B, P4 coupled run and candidate-bound receipts.",Named homes are inspected supporting locations only. Empty lists mean no suitable home verified in this bounded review. Test existence is not execution or acceptance.,,,
LAA-C-07,LAA-C,C,docs/LIVING-ALPHA-ACCEPTANCE.md,68,7. conflict or disruption has a recovery path;,conflict or disruption has a recovery path;,evidence_gap,OBSERVED,BLOCKED,"[""acceptance""]",[],"[""communication-test""]",[],NOT_ESTABLISHED_FOR_CURRENT_CANDIDATE,"Accepted Gate B, P4 coupled run and candidate-bound receipts.",Named homes are inspected supporting locations only. Empty lists mean no suitable home verified in this bounded review. Test existence is not execution or acceptance.,,,
LAA-C-08,LAA-C,C,docs/LIVING-ALPHA-ACCEPTANCE.md,69,8. state and consequences survive restart.,state and consequences survive restart.,evidence_gap,OBSERVED,BLOCKED,"[""acceptance""]",[],"[""recovery-test""]",[],NOT_ESTABLISHED_FOR_CURRENT_CANDIDATE,"Accepted Gate B, P4 coupled run and candidate-bound receipts.",Named homes are inspected supporting locations only. Empty lists mean no suitable home verified in this bounded review. Test existence is not execution or acceptance.,,,
LAA-C-09,LAA-C,C,docs/LIVING-ALPHA-ACCEPTANCE.md,71,At least two materially different viable strategies must exist. A dominant script or isolated minigame is an integration defect.,At least two materially different viable strategies must exist. A dominant script or isolated minigame is an integration defect.,evidence_gap,OBSERVED,BLOCKED,"[""acceptance""]",[],[],[],NOT_ESTABLISHED_FOR_CURRENT_CANDIDATE,"Accepted Gate B, P4 coupled run and candidate-bound receipts.",Named homes are inspected supporting locations only. Empty lists mean no suitable home verified in this bounded review. Test existence is not execution or acceptance.,,,
LAA-D-01,LAA-D,D,docs/LIVING-ALPHA-ACCEPTANCE.md,77,- the important visible change;,the important visible change;,evidence_gap,OBSERVED,UNPROVEN,"[""acceptance""]","[""watch-source""]","[""watch-test""]",[],NOT_ESTABLISHED_FOR_CURRENT_CANDIDATE,"P4 evidence, P5 public-only uninvolved review.",Named homes are inspected supporting locations only. Empty lists mean no suitable home verified in this bounded review. Test existence is not execution or acceptance.,,,
LAA-D-02,LAA-D,D,docs/LIVING-ALPHA-ACCEPTANCE.md,78,- involved public actors and locations;,involved public actors and locations;,evidence_gap,OBSERVED,UNPROVEN,"[""acceptance""]","[""watch-source""]","[""watch-test""]",[],NOT_ESTABLISHED_FOR_CURRENT_CANDIDATE,"P4 evidence, P5 public-only uninvolved review.",Named homes are inspected supporting locations only. Empty lists mean no suitable home verified in this bounded review. Test existence is not execution or acceptance.,,,
LAA-D-03,LAA-D,D,docs/LIVING-ALPHA-ACCEPTANCE.md,79,- the observable consequence;,the observable consequence;,evidence_gap,OBSERVED,UNPROVEN,"[""acceptance""]","[""watch-source""]","[""watch-test""]",[],NOT_ESTABLISHED_FOR_CURRENT_CANDIDATE,"P4 evidence, P5 public-only uninvolved review.",Named homes are inspected supporting locations only. Empty lists mean no suitable home verified in this bounded review. Test existence is not execution or acceptance.,,,
LAA-D-04,LAA-D,D,docs/LIVING-ALPHA-ACCEPTANCE.md,80,- relevant prior public context;,relevant prior public context;,evidence_gap,OBSERVED,UNPROVEN,"[""acceptance""]","[""watch-source""]","[""watch-test""]",[],NOT_ESTABLISHED_FOR_CURRENT_CANDIDATE,"P4 evidence, P5 public-only uninvolved review.",Named homes are inspected supporting locations only. Empty lists mean no suitable home verified in this bounded review. Test existence is not execution or acceptance.,,,
LAA-D-05,LAA-D,D,docs/LIVING-ALPHA-ACCEPTANCE.md,81,- what remains unknown.,what remains unknown.,evidence_gap,OBSERVED,UNPROVEN,"[""acceptance""]","[""watch-source""]","[""watch-test""]",[],NOT_ESTABLISHED_FOR_CURRENT_CANDIDATE,"P4 evidence, P5 public-only uninvolved review.",Named homes are inspected supporting locations only. Empty lists mean no suitable home verified in this bounded review. Test existence is not execution or acceptance.,,,
LAA-D-06,LAA-D,D,docs/LIVING-ALPHA-ACCEPTANCE.md,83,"WATCH must not expose private cognition, restricted state, raw research candidates, or invented motives.","WATCH must not expose private cognition, restricted state, raw research candidates, or invented motives.",evidence_gap,OBSERVED,UNPROVEN,"[""acceptance""]","[""watch-source""]","[""watch-test""]",[],NOT_ESTABLISHED_FOR_CURRENT_CANDIDATE,"P4 evidence, P5 public-only uninvolved review.",Named homes are inspected supporting locations only. Empty lists mean no suitable home verified in this bounded review. Test existence is not execution or acceptance.,,,
LAA-E-01,LAA-E,E,docs/LIVING-ALPHA-ACCEPTANCE.md,87,1. A four-hour candidate run passes before the 24-hour run opens.,A four-hour candidate run passes before the 24-hour run opens.,evidence_gap,OBSERVED,UNPROVEN,"[""acceptance""]",[],[],[],NOT_ESTABLISHED_FOR_CURRENT_CANDIDATE,"P4 evidence, approved P5 four-hour then continuous 24-hour run and recovery receipts.",Named homes are inspected supporting locations only. Empty lists mean no suitable home verified in this bounded review. Test existence is not execution or acceptance.,,,
LAA-E-02,LAA-E,E,docs/LIVING-ALPHA-ACCEPTANCE.md,88,2. The final candidate spans at least 24 continuous hours.,The final candidate spans at least 24 continuous hours.,evidence_gap,OBSERVED,UNPROVEN,"[""acceptance""]",[],[],[],NOT_ESTABLISHED_FOR_CURRENT_CANDIDATE,"P4 evidence, approved P5 four-hour then continuous 24-hour run and recovery receipts.",Named homes are inspected supporting locations only. Empty lists mean no suitable home verified in this bounded review. Test existence is not execution or acceptance.,,,
LAA-E-03,LAA-E,E,docs/LIVING-ALPHA-ACCEPTANCE.md,89,3. At least one planned restart or recovery drill occurs.,At least one planned restart or recovery drill occurs.,evidence_gap,OBSERVED,UNPROVEN,"[""acceptance""]",[],[],[],NOT_ESTABLISHED_FOR_CURRENT_CANDIDATE,"P4 evidence, approved P5 four-hour then continuous 24-hour run and recovery receipts.",Named homes are inspected supporting locations only. Empty lists mean no suitable home verified in this bounded review. Test existence is not execution or acceptance.,,,
LAA-E-04,LAA-E,E,docs/LIVING-ALPHA-ACCEPTANCE.md,90,"4. Incidents, settlement lag, or stale projections are marked honestly.","Incidents, settlement lag, or stale projections are marked honestly.",evidence_gap,OBSERVED,UNPROVEN,"[""acceptance""]",[],[],[],NOT_ESTABLISHED_FOR_CURRENT_CANDIDATE,"P4 evidence, approved P5 four-hour then continuous 24-hour run and recovery receipts.",Named homes are inspected supporting locations only. Empty lists mean no suitable home verified in this bounded review. Test existence is not execution or acceptance.,,,
LAA-E-05,LAA-E,E,docs/LIVING-ALPHA-ACCEPTANCE.md,91,"5. Operator interventions are bounded, logged, and not used to script the desired outcome.","Operator interventions are bounded, logged, and not used to script the desired outcome.",evidence_gap,OBSERVED,UNPROVEN,"[""acceptance""]",[],[],[],NOT_ESTABLISHED_FOR_CURRENT_CANDIDATE,"P4 evidence, approved P5 four-hour then continuous 24-hour run and recovery receipts.",Named homes are inspected supporting locations only. Empty lists mean no suitable home verified in this bounded review. Test existence is not execution or acceptance.,,,
LAA-F-01,LAA-F,F,docs/LIVING-ALPHA-ACCEPTANCE.md,97,- exact production delta;,exact production delta;,evidence_gap,OBSERVED,UNPROVEN,"[""acceptance""]",[],[],[],NOT_ESTABLISHED_FOR_CURRENT_CANDIDATE,"P5 evidence, P6 explicit successor decision; separate deploy authorization.",Named homes are inspected supporting locations only. Empty lists mean no suitable home verified in this bounded review. Test existence is not execution or acceptance.,,,
LAA-F-02,LAA-F,F,docs/LIVING-ALPHA-ACCEPTANCE.md,98,- migration and rollback procedures;,migration and rollback procedures;,evidence_gap,OBSERVED,UNPROVEN,"[""acceptance""]",[],[],[],NOT_ESTABLISHED_FOR_CURRENT_CANDIDATE,"P5 evidence, P6 explicit successor decision; separate deploy authorization.",Named homes are inspected supporting locations only. Empty lists mean no suitable home verified in this bounded review. Test existence is not execution or acceptance.,,,
LAA-F-03,LAA-F,F,docs/LIVING-ALPHA-ACCEPTANCE.md,99,"- compatibility with the frozen world's Genesis, seal, history, and room bound;","compatibility with the frozen world's Genesis, seal, history, and room bound;",evidence_gap,OBSERVED,UNPROVEN,"[""acceptance""]",[],[],[],NOT_ESTABLISHED_FOR_CURRENT_CANDIDATE,"P5 evidence, P6 explicit successor decision; separate deploy authorization.",Named homes are inspected supporting locations only. Empty lists mean no suitable home verified in this bounded review. Test existence is not execution or acceptance.,,,
LAA-F-04,LAA-F,F,docs/LIVING-ALPHA-ACCEPTANCE.md,100,- operational rehearsal result;,operational rehearsal result;,evidence_gap,OBSERVED,UNPROVEN,"[""acceptance""]",[],[],[],NOT_ESTABLISHED_FOR_CURRENT_CANDIDATE,"P5 evidence, P6 explicit successor decision; separate deploy authorization.",Named homes are inspected supporting locations only. Empty lists mean no suitable home verified in this bounded review. Test existence is not execution or acceptance.,,,
LAA-F-05,LAA-F,F,docs/LIVING-ALPHA-ACCEPTANCE.md,101,- permitted public claims;,permitted public claims;,evidence_gap,OBSERVED,UNPROVEN,"[""acceptance""]",[],[],[],NOT_ESTABLISHED_FOR_CURRENT_CANDIDATE,"P5 evidence, P6 explicit successor decision; separate deploy authorization.",Named homes are inspected supporting locations only. Empty lists mean no suitable home verified in this bounded review. Test existence is not execution or acceptance.,,,
LAA-F-06,LAA-F,F,docs/LIVING-ALPHA-ACCEPTANCE.md,102,- unresolved risks;,unresolved risks;,evidence_gap,OBSERVED,UNPROVEN,"[""acceptance""]",[],[],[],NOT_ESTABLISHED_FOR_CURRENT_CANDIDATE,"P5 evidence, P6 explicit successor decision; separate deploy authorization.",Named homes are inspected supporting locations only. Empty lists mean no suitable home verified in this bounded review. Test existence is not execution or acceptance.,,,
LAA-F-07,LAA-F,F,docs/LIVING-ALPHA-ACCEPTANCE.md,103,"- explicit GO, NO-GO, or NOT_COMPUTABLE status.","explicit GO, NO-GO, or NOT_COMPUTABLE status.",evidence_gap,OBSERVED,UNPROVEN,"[""acceptance""]",[],[],[],NOT_ESTABLISHED_FOR_CURRENT_CANDIDATE,"P5 evidence, P6 explicit successor decision; separate deploy authorization.",Named homes are inspected supporting locations only. Empty lists mean no suitable home verified in this bounded review. Test existence is not execution or acceptance.,,,
LAA-F-08,LAA-F,F,docs/LIVING-ALPHA-ACCEPTANCE.md,105,Passing Gates A–E does not itself deploy the successor.,Passing Gates A–E does not itself deploy the successor.,evidence_gap,OBSERVED,UNPROVEN,"[""acceptance""]",[],[],[],NOT_ESTABLISHED_FOR_CURRENT_CANDIDATE,"P5 evidence, P6 explicit successor decision; separate deploy authorization.",Named homes are inspected supporting locations only. Empty lists mean no suitable home verified in this bounded review. Test existence is not execution or acceptance.,,,
LAA-FAILURE-01,LAA-FAILURE,,docs/LIVING-ALPHA-ACCEPTANCE.md,109,"The candidate fails if it disables implemented systems to avoid integration, depends on operator-authored outcomes, grants human inhabit authority, loses settled history, fabricates WATCH meaning, or introduces deferred external-economy scope.","The candidate fails if it disables implemented systems to avoid integration, depends on operator-authored outcomes, grants human inhabit authority, loses settled history, fabricates WATCH meaning, or introduces deferred external-economy scope.",evidence_gap,OBSERVED,NO_PROMOTION,"[""acceptance""]",[],[],[],NOT_ESTABLISHED_FOR_CURRENT_CANDIDATE,Pinned candidate and applicable gate review; no generic conformance inference.,Named homes are inspected supporting locations only. Empty lists mean no suitable home verified in this bounded review. Test existence is not execution or acceptance.,,,
GC-PREREQ-01,GC-PREREQ,C,docs/LCA-GATE-C-SCENARIO.md,20,"- Gate A candidate evidence remains honest about what is integrated, deployed, and still unproven;","Gate A candidate evidence remains honest about what is integrated, deployed, and still unproven;",evidence_gap,OBSERVED,BLOCKED,"[""scenario""]",[],[],[],NOT_ESTABLISHED_FOR_CURRENT_CANDIDATE,"Accepted Gate B, P4 coupled run and candidate-bound receipts.",Named homes are inspected supporting locations only. Empty lists mean no suitable home verified in this bounded review. Test existence is not execution or acceptance.,,,
GC-PREREQ-02,GC-PREREQ,C,docs/LCA-GATE-C-SCENARIO.md,21,- Gate B has at least three independently controlled external Agent Players using supported onboarding and command paths;,Gate B has at least three independently controlled external Agent Players using supported onboarding and command paths;,evidence_gap,OBSERVED,BLOCKED,"[""scenario""]",[],[],[],NOT_ESTABLISHED_FOR_CURRENT_CANDIDATE,"Accepted Gate B, P4 coupled run and candidate-bound receipts.",Named homes are inspected supporting locations only. Empty lists mean no suitable home verified in this bounded review. Test existence is not execution or acceptance.,,,
GC-PREREQ-03,GC-PREREQ,C,docs/LCA-GATE-C-SCENARIO.md,22,"- the world id, Genesis id, seal constraints, room bound, canonical start head, Worker source and deployed version, Specs pin, official-client or conforming Controller versions, and enabled implemented systems are pinned;","the world id, Genesis id, seal constraints, room bound, canonical start head, Worker source and deployed version, Specs pin, official-client or conforming Controller versions, and enabled implemented systems are pinned;",evidence_gap,OBSERVED,BLOCKED,"[""scenario""]",[],[],[],NOT_ESTABLISHED_FOR_CURRENT_CANDIDATE,"Accepted Gate B, P4 coupled run and candidate-bound receipts.",Named homes are inspected supporting locations only. Empty lists mean no suitable home verified in this bounded review. Test existence is not execution or acceptance.,,,
GC-PREREQ-04,GC-PREREQ,C,docs/LCA-GATE-C-SCENARIO.md,23,"- credential, reconnect, idempotency, contention, recovery, and redaction prerequisites have acceptance evidence;","credential, reconnect, idempotency, contention, recovery, and redaction prerequisites have acceptance evidence;",evidence_gap,OBSERVED,BLOCKED,"[""scenario""]",[],[],[],NOT_ESTABLISHED_FOR_CURRENT_CANDIDATE,"Accepted Gate B, P4 coupled run and candidate-bound receipts.",Named homes are inspected supporting locations only. Empty lists mean no suitable home verified in this bounded review. Test existence is not execution or acceptance.,,,
GC-PREREQ-05,GC-PREREQ,C,docs/LCA-GATE-C-SCENARIO.md,24,- planned operator actions and external inputs are declared before the run.,planned operator actions and external inputs are declared before the run.,evidence_gap,OBSERVED,BLOCKED,"[""scenario""]",[],[],[],NOT_ESTABLISHED_FOR_CURRENT_CANDIDATE,"Accepted Gate B, P4 coupled run and candidate-bound receipts.",Named homes are inspected supporting locations only. Empty lists mean no suitable home verified in this bounded review. Test existence is not execution or acceptance.,,,
GC-NONGOAL-01,GC-NONGOAL,C,docs/LCA-GATE-C-SCENARIO.md,32,"- new canonical Player verbs, action aliases that change semantics, or a second interaction campaign;","new canonical Player verbs, action aliases that change semantics, or a second interaction campaign;",evidence_gap,OBSERVED,BLOCKED,"[""scenario""]",[],[],[],NOT_ESTABLISHED_FOR_CURRENT_CANDIDATE,"Accepted Gate B, P4 coupled run and candidate-bound receipts.",Named homes are inspected supporting locations only. Empty lists mean no suitable home verified in this bounded review. Test existence is not execution or acceptance.,,,
GC-NONGOAL-02,GC-NONGOAL,C,docs/LCA-GATE-C-SCENARIO.md,33,"- Genesis mutation, reseeding, force-supersession, new rooms, or room-bound expansion;","Genesis mutation, reseeding, force-supersession, new rooms, or room-bound expansion;",evidence_gap,OBSERVED,BLOCKED,"[""scenario""]",[],[],[],NOT_ESTABLISHED_FOR_CURRENT_CANDIDATE,"Accepted Gate B, P4 coupled run and candidate-bound receipts.",Named homes are inspected supporting locations only. Empty lists mean no suitable home verified in this bounded review. Test existence is not execution or acceptance.,,,
GC-NONGOAL-03,GC-NONGOAL,C,docs/LCA-GATE-C-SCENARIO.md,34,"- crypto, wallets, x402, external settlement, XP, quests, class trees, or v0.8 Phenomena;","crypto, wallets, x402, external settlement, XP, quests, class trees, or v0.8 Phenomena;",evidence_gap,OBSERVED,BLOCKED,"[""scenario""]",[],[],[],NOT_ESTABLISHED_FOR_CURRENT_CANDIDATE,"Accepted Gate B, P4 coupled run and candidate-bound receipts.",Named homes are inspected supporting locations only. Empty lists mean no suitable home verified in this bounded review. Test existence is not execution or acceptance.,,,
GC-NONGOAL-04,GC-NONGOAL,C,docs/LCA-GATE-C-SCENARIO.md,35,"- hosted STUDY claims, research scores as Player rewards, or private cognition claims;","hosted STUDY claims, research scores as Player rewards, or private cognition claims;",evidence_gap,OBSERVED,BLOCKED,"[""scenario""]",[],[],[],NOT_ESTABLISHED_FOR_CURRENT_CANDIDATE,"Accepted Gate B, P4 coupled run and candidate-bound receipts.",Named homes are inspected supporting locations only. Empty lists mean no suitable home verified in this bounded review. Test existence is not execution or acceptance.,,,
GC-NONGOAL-05,GC-NONGOAL,C,docs/LCA-GATE-C-SCENARIO.md,36,- a scalar reputation or trust score as world truth;,a scalar reputation or trust score as world truth;,evidence_gap,OBSERVED,BLOCKED,"[""scenario""]",[],[],[],NOT_ESTABLISHED_FOR_CURRENT_CANDIDATE,"Accepted Gate B, P4 coupled run and candidate-bound receipts.",Named homes are inspected supporting locations only. Empty lists mean no suitable home verified in this bounded review. Test existence is not execution or acceptance.,,,
GC-NONGOAL-06,GC-NONGOAL,C,docs/LCA-GATE-C-SCENARIO.md,37,"- operator-authored strategy, outcome scripting, privileged resource grants, hidden topology disclosure, or target-specific WED pressure;","operator-authored strategy, outcome scripting, privileged resource grants, hidden topology disclosure, or target-specific WED pressure;",evidence_gap,OBSERVED,BLOCKED,"[""scenario""]",[],[],[],NOT_ESTABLISHED_FOR_CURRENT_CANDIDATE,"Accepted Gate B, P4 coupled run and candidate-bound receipts.",Named homes are inspected supporting locations only. Empty lists mean no suitable home verified in this bounded review. Test existence is not execution or acceptance.,,,
GC-NONGOAL-07,GC-NONGOAL,C,docs/LCA-GATE-C-SCENARIO.md,38,- a single golden script that all Controllers are instructed to follow.,a single golden script that all Controllers are instructed to follow.,evidence_gap,OBSERVED,BLOCKED,"[""scenario""]",[],[],[],NOT_ESTABLISHED_FOR_CURRENT_CANDIDATE,"Accepted Gate B, P4 coupled run and candidate-bound receipts.",Named homes are inspected supporting locations only. Empty lists mean no suitable home verified in this bounded review. Test existence is not execution or acceptance.,,,
GC-DECLARE-01,GC-DECLARE,C,docs/LCA-GATE-C-SCENARIO.md,45,candidate_id,candidate_id,evidence_gap,OBSERVED,BLOCKED,"[""scenario""]",[],[],[],NOT_ESTABLISHED_FOR_CURRENT_CANDIDATE,"Accepted Gate B, P4 coupled run and candidate-bound receipts.",Named homes are inspected supporting locations only. Empty lists mean no suitable home verified in this bounded review. Test existence is not execution or acceptance.,,,
GC-DECLARE-02,GC-DECLARE,C,docs/LCA-GATE-C-SCENARIO.md,46,world_id / genesis_id / seal constraints / room bound,world_id / genesis_id / seal constraints / room bound,evidence_gap,OBSERVED,BLOCKED,"[""scenario""]",[],[],[],NOT_ESTABLISHED_FOR_CURRENT_CANDIDATE,"Accepted Gate B, P4 coupled run and candidate-bound receipts.",Named homes are inspected supporting locations only. Empty lists mean no suitable home verified in this bounded review. Test existence is not execution or acceptance.,,,
GC-DECLARE-03,GC-DECLARE,C,docs/LCA-GATE-C-SCENARIO.md,47,specs_git / worker_git / deployed_worker_version,specs_git / worker_git / deployed_worker_version,evidence_gap,OBSERVED,BLOCKED,"[""scenario""]",[],[],[],NOT_ESTABLISHED_FOR_CURRENT_CANDIDATE,"Accepted Gate B, P4 coupled run and candidate-bound receipts.",Named homes are inspected supporting locations only. Empty lists mean no suitable home verified in this bounded review. Test existence is not execution or acceptance.,,,
GC-DECLARE-04,GC-DECLARE,C,docs/LCA-GATE-C-SCENARIO.md,48,canonical_start_head,canonical_start_head,evidence_gap,OBSERVED,BLOCKED,"[""scenario""]",[],[],[],NOT_ESTABLISHED_FOR_CURRENT_CANDIDATE,"Accepted Gate B, P4 coupled run and candidate-bound receipts.",Named homes are inspected supporting locations only. Empty lists mean no suitable home verified in this bounded review. Test existence is not execution or acceptance.,,,
GC-DECLARE-05,GC-DECLARE,C,docs/LCA-GATE-C-SCENARIO.md,49,"Controller package, version, and configuration class for each Player","Controller package, version, and configuration class for each Player",evidence_gap,OBSERVED,BLOCKED,"[""scenario""]",[],[],[],NOT_ESTABLISHED_FOR_CURRENT_CANDIDATE,"Accepted Gate B, P4 coupled run and candidate-bound receipts.",Named homes are inspected supporting locations only. Empty lists mean no suitable home verified in this bounded review. Test existence is not execution or acceptance.,,,
GC-DECLARE-06,GC-DECLARE,C,docs/LCA-GATE-C-SCENARIO.md,50,credential and admission path (redacted),credential and admission path (redacted),evidence_gap,OBSERVED,BLOCKED,"[""scenario""]",[],[],[],NOT_ESTABLISHED_FOR_CURRENT_CANDIDATE,"Accepted Gate B, P4 coupled run and candidate-bound receipts.",Named homes are inspected supporting locations only. Empty lists mean no suitable home verified in this bounded review. Test existence is not execution or acceptance.,,,
GC-DECLARE-07,GC-DECLARE,C,docs/LCA-GATE-C-SCENARIO.md,51,enabled implemented systems,enabled implemented systems,evidence_gap,OBSERVED,BLOCKED,"[""scenario""]",[],[],[],NOT_ESTABLISHED_FOR_CURRENT_CANDIDATE,"Accepted Gate B, P4 coupled run and candidate-bound receipts.",Named homes are inspected supporting locations only. Empty lists mean no suitable home verified in this bounded review. Test existence is not execution or acceptance.,,,
GC-DECLARE-08,GC-DECLARE,C,docs/LCA-GATE-C-SCENARIO.md,52,planned operator interventions and external inputs,planned operator interventions and external inputs,evidence_gap,OBSERVED,BLOCKED,"[""scenario""]",[],[],[],NOT_ESTABLISHED_FOR_CURRENT_CANDIDATE,"Accepted Gate B, P4 coupled run and candidate-bound receipts.",Named homes are inspected supporting locations only. Empty lists mean no suitable home verified in this bounded review. Test existence is not execution or acceptance.,,,
GC-DECLARE-09,GC-DECLARE,C,docs/LCA-GATE-C-SCENARIO.md,53,restart / recovery checkpoint,restart / recovery checkpoint,evidence_gap,OBSERVED,BLOCKED,"[""scenario""]",[],[],[],NOT_ESTABLISHED_FOR_CURRENT_CANDIDATE,"Accepted Gate B, P4 coupled run and candidate-bound receipts.",Named homes are inspected supporting locations only. Empty lists mean no suitable home verified in this bounded review. Test existence is not execution or acceptance.,,,
GC-DECLARE-10,GC-DECLARE,C,docs/LCA-GATE-C-SCENARIO.md,54,WATCH capture method,WATCH capture method,evidence_gap,OBSERVED,BLOCKED,"[""scenario""]",[],[],[],NOT_ESTABLISHED_FOR_CURRENT_CANDIDATE,"Accepted Gate B, P4 coupled run and candidate-bound receipts.",Named homes are inspected supporting locations only. Empty lists mean no suitable home verified in this bounded review. Test existence is not execution or acceptance.,,,
GC-DECLARE-11,GC-DECLARE,C,docs/LCA-GATE-C-SCENARIO.md,55,known production-alpha deltas,known production-alpha deltas,evidence_gap,OBSERVED,BLOCKED,"[""scenario""]",[],[],[],NOT_ESTABLISHED_FOR_CURRENT_CANDIDATE,"Accepted Gate B, P4 coupled run and candidate-bound receipts.",Named homes are inspected supporting locations only. Empty lists mean no suitable home verified in this bounded review. Test existence is not execution or acceptance.,,,
GC-PATH-01,GC-PATH,C,docs/LCA-GATE-C-SCENARIO.md,64,"- [ ] **Resource or transport pressure changes a decision.** Scarcity, route cost, storage, infrastructure condition, or distance causes a Player to change target, timing, exchange terms, route, or allocation. A scripted statement that scarcity mattered is insufficient.","**Resource or transport pressure changes a decision.** Scarcity, route cost, storage, infrastructure condition, or distance causes a Player to change target, timing, exchange terms, route, or allocation. A scripted statement that scarcity mattered is insufficient.",evidence_gap,OBSERVED,BLOCKED,"[""scenario""]",[],"[""economy-test""]",[],NOT_ESTABLISHED_FOR_CURRENT_CANDIDATE,"Accepted Gate B, P4 coupled run and candidate-bound receipts.",Named homes are inspected supporting locations only. Empty lists mean no suitable home verified in this bounded review. Test existence is not execution or acceptance.,,,LAA-C-01
GC-PATH-02,GC-PATH,C,docs/LCA-GATE-C-SCENARIO.md,65,"- [ ] **Mastery or specialization creates a meaningful difference.** Ledger-derived practice, recognition, focus, parameter access, quality, eligibility, or maintained assets change a viable choice. No XP, class menu, global level, or research capability score is introduced.","**Mastery or specialization creates a meaningful difference.** Ledger-derived practice, recognition, focus, parameter access, quality, eligibility, or maintained assets change a viable choice. No XP, class menu, global level, or research capability score is introduced.",evidence_gap,OBSERVED,BLOCKED,"[""scenario""]",[],"[""practice-test""]",[],NOT_ESTABLISHED_FOR_CURRENT_CANDIDATE,"Accepted Gate B, P4 coupled run and candidate-bound receipts.",Named homes are inspected supporting locations only. Empty lists mean no suitable home verified in this bounded review. Test existence is not execution or acceptance.,,,LAA-C-02
GC-PATH-03,GC-PATH,C,docs/LCA-GATE-C-SCENARIO.md,66,"- [ ] **Coordination beats isolation.** Trade, shared repair, service exchange, agreement, or construction produces a result that is materially cheaper, safer, faster, more durable, or otherwise preferable to each Player acting alone.","**Coordination beats isolation.** Trade, shared repair, service exchange, agreement, or construction produces a result that is materially cheaper, safer, faster, more durable, or otherwise preferable to each Player acting alone.",evidence_gap,OBSERVED,BLOCKED,"[""scenario""]",[],"[""economy-test""]",[],NOT_ESTABLISHED_FOR_CURRENT_CANDIDATE,"Accepted Gate B, P4 coupled run and candidate-bound receipts.",Named homes are inspected supporting locations only. Empty lists mean no suitable home verified in this bounded review. Test existence is not execution or acceptance.,,,LAA-C-03
GC-PATH-04,GC-PATH,C,docs/LCA-GATE-C-SCENARIO.md,67,"- [ ] **Social memory affects a later decision.** Evidence-backed dyadic or institutional memory changes caution, counterpart choice, access, agreement, office, or information sharing. No universal score is used, and hidden facts do not leak.","**Social memory affects a later decision.** Evidence-backed dyadic or institutional memory changes caution, counterpart choice, access, agreement, office, or information sharing. No universal score is used, and hidden facts do not leak.",evidence_gap,OBSERVED,BLOCKED,"[""scenario""]",[],"[""social-test""]",[],NOT_ESTABLISHED_FOR_CURRENT_CANDIDATE,"Accepted Gate B, P4 coupled run and candidate-bound receipts.",Named homes are inspected supporting locations only. Empty lists mean no suitable home verified in this bounded review. Test existence is not execution or acceptance.,,,LAA-C-04
GC-PATH-05,GC-PATH,C,docs/LCA-GATE-C-SCENARIO.md,68,"- [ ] **An organization uses bounded authority.** At least one office, agreement, grant, membership rule, or access policy is exercised within its declared scope. An organization label without an authority-bearing decision does not count.","**An organization uses bounded authority.** At least one office, agreement, grant, membership rule, or access policy is exercised within its declared scope. An organization label without an authority-bearing decision does not count.",evidence_gap,OBSERVED,BLOCKED,"[""scenario""]",[],"[""office-test""]",[],NOT_ESTABLISHED_FOR_CURRENT_CANDIDATE,"Accepted Gate B, P4 coupled run and candidate-bound receipts.",Named homes are inspected supporting locations only. Empty lists mean no suitable home verified in this bounded review. Test existence is not execution or acceptance.,,,LAA-C-05
GC-PATH-06,GC-PATH,C,docs/LCA-GATE-C-SCENARIO.md,69,"- [ ] **Communication constraints affect coordination.** Relay condition, deterministic delay or failure, board/channel scope, notice persistence, expiry, or addressability changes who knows what and when. Private message text remains private.","**Communication constraints affect coordination.** Relay condition, deterministic delay or failure, board/channel scope, notice persistence, expiry, or addressability changes who knows what and when. Private message text remains private.",evidence_gap,OBSERVED,BLOCKED,"[""scenario""]",[],"[""communication-test""]",[],NOT_ESTABLISHED_FOR_CURRENT_CANDIDATE,"Accepted Gate B, P4 coupled run and candidate-bound receipts.",Named homes are inspected supporting locations only. Empty lists mean no suitable home verified in this bounded review. Test existence is not execution or acceptance.,,,LAA-C-06
GC-PATH-07,GC-PATH,C,docs/LCA-GATE-C-SCENARIO.md,70,"- [ ] **Conflict or disruption has recovery.** A contest, breach, infrastructure failure, access dispute, pressure event, or comparable existing disruption creates loss or constraint, followed by a legal recovery, repair, restoration, renegotiation, or compensating strategy.","**Conflict or disruption has recovery.** A contest, breach, infrastructure failure, access dispute, pressure event, or comparable existing disruption creates loss or constraint, followed by a legal recovery, repair, restoration, renegotiation, or compensating strategy.",evidence_gap,OBSERVED,BLOCKED,"[""scenario""]",[],"[""communication-test""]",[],NOT_ESTABLISHED_FOR_CURRENT_CANDIDATE,"Accepted Gate B, P4 coupled run and candidate-bound receipts.",Named homes are inspected supporting locations only. Empty lists mean no suitable home verified in this bounded review. Test existence is not execution or acceptance.,,,LAA-C-07
GC-PATH-08,GC-PATH,C,docs/LCA-GATE-C-SCENARIO.md,71,"- [ ] **State and consequences survive restart.** Identities, holdings, obligations, organizations, access state, settled balances, durable messages/notices, constructed or repaired assets, and relevant memory reconstruct consistently after the declared restart or recovery checkpoint.","**State and consequences survive restart.** Identities, holdings, obligations, organizations, access state, settled balances, durable messages/notices, constructed or repaired assets, and relevant memory reconstruct consistently after the declared restart or recovery checkpoint.",evidence_gap,OBSERVED,BLOCKED,"[""scenario""]",[],"[""recovery-test""]",[],NOT_ESTABLISHED_FOR_CURRENT_CANDIDATE,"Accepted Gate B, P4 coupled run and candidate-bound receipts.",Named homes are inspected supporting locations only. Empty lists mean no suitable home verified in this bounded review. Test existence is not execution or acceptance.,,,LAA-C-08
GC-PATH-09,GC-PATH,C,docs/LCA-GATE-C-SCENARIO.md,73,The checklist is conjunctive. Isolated slice demonstrations do not satisfy Gate C.,The checklist is conjunctive. Isolated slice demonstrations do not satisfy Gate C.,evidence_gap,OBSERVED,BLOCKED,"[""scenario""]",[],[],[],NOT_ESTABLISHED_FOR_CURRENT_CANDIDATE,"Accepted Gate B, P4 coupled run and candidate-bound receipts.",Named homes are inspected supporting locations only. Empty lists mean no suitable home verified in this bounded review. Test existence is not execution or acceptance.,,,
GC-STRATEGY-01,GC-STRATEGY,C,docs/LCA-GATE-C-SCENARIO.md,77,At least two materially different strategies must reach a viable continuation state under the same pinned candidate conditions.,At least two materially different strategies must reach a viable continuation state under the same pinned candidate conditions.,evidence_gap,OBSERVED,BLOCKED,"[""scenario""]",[],[],[],NOT_ESTABLISHED_FOR_CURRENT_CANDIDATE,"Accepted Gate B, P4 coupled run and candidate-bound receipts.",Named homes are inspected supporting locations only. Empty lists mean no suitable home verified in this bounded review. Test existence is not execution or acceptance.,,,
GC-STRATEGY-02,GC-STRATEGY,C,docs/LCA-GATE-C-SCENARIO.md,79,A strategy is materially different when it makes different coupled choices about at least three of:,A strategy is materially different when it makes different coupled choices about at least three of:,evidence_gap,OBSERVED,BLOCKED,"[""scenario""]",[],[],[],NOT_ESTABLISHED_FOR_CURRENT_CANDIDATE,"Accepted Gate B, P4 coupled run and candidate-bound receipts.",Named homes are inspected supporting locations only. Empty lists mean no suitable home verified in this bounded review. Test existence is not execution or acceptance.,,,
GC-STRATEGY-03,GC-STRATEGY,C,docs/LCA-GATE-C-SCENARIO.md,82,resource source or route,resource source or route,evidence_gap,OBSERVED,BLOCKED,"[""scenario""]",[],[],[],NOT_ESTABLISHED_FOR_CURRENT_CANDIDATE,"Accepted Gate B, P4 coupled run and candidate-bound receipts.",Named homes are inspected supporting locations only. Empty lists mean no suitable home verified in this bounded review. Test existence is not execution or acceptance.,,,
GC-STRATEGY-04,GC-STRATEGY,C,docs/LCA-GATE-C-SCENARIO.md,83,specialization / maintained practice,specialization / maintained practice,evidence_gap,OBSERVED,BLOCKED,"[""scenario""]",[],[],[],NOT_ESTABLISHED_FOR_CURRENT_CANDIDATE,"Accepted Gate B, P4 coupled run and candidate-bound receipts.",Named homes are inspected supporting locations only. Empty lists mean no suitable home verified in this bounded review. Test existence is not execution or acceptance.,,,
GC-STRATEGY-05,GC-STRATEGY,C,docs/LCA-GATE-C-SCENARIO.md,84,coordination partner or agreement,coordination partner or agreement,evidence_gap,OBSERVED,BLOCKED,"[""scenario""]",[],[],[],NOT_ESTABLISHED_FOR_CURRENT_CANDIDATE,"Accepted Gate B, P4 coupled run and candidate-bound receipts.",Named homes are inspected supporting locations only. Empty lists mean no suitable home verified in this bounded review. Test existence is not execution or acceptance.,,,
GC-STRATEGY-06,GC-STRATEGY,C,docs/LCA-GATE-C-SCENARIO.md,85,construction / repair allocation,construction / repair allocation,evidence_gap,OBSERVED,BLOCKED,"[""scenario""]",[],[],[],NOT_ESTABLISHED_FOR_CURRENT_CANDIDATE,"Accepted Gate B, P4 coupled run and candidate-bound receipts.",Named homes are inspected supporting locations only. Empty lists mean no suitable home verified in this bounded review. Test existence is not execution or acceptance.,,,
GC-STRATEGY-07,GC-STRATEGY,C,docs/LCA-GATE-C-SCENARIO.md,86,organization office or access policy,organization office or access policy,evidence_gap,OBSERVED,BLOCKED,"[""scenario""]",[],[],[],NOT_ESTABLISHED_FOR_CURRENT_CANDIDATE,"Accepted Gate B, P4 coupled run and candidate-bound receipts.",Named homes are inspected supporting locations only. Empty lists mean no suitable home verified in this bounded review. Test existence is not execution or acceptance.,,,
GC-STRATEGY-08,GC-STRATEGY,C,docs/LCA-GATE-C-SCENARIO.md,87,communication surface or timing,communication surface or timing,evidence_gap,OBSERVED,BLOCKED,"[""scenario""]",[],[],[],NOT_ESTABLISHED_FOR_CURRENT_CANDIDATE,"Accepted Gate B, P4 coupled run and candidate-bound receipts.",Named homes are inspected supporting locations only. Empty lists mean no suitable home verified in this bounded review. Test existence is not execution or acceptance.,,,
GC-STRATEGY-09,GC-STRATEGY,C,docs/LCA-GATE-C-SCENARIO.md,88,conflict response and recovery,conflict response and recovery,evidence_gap,OBSERVED,BLOCKED,"[""scenario""]",[],[],[],NOT_ESTABLISHED_FOR_CURRENT_CANDIDATE,"Accepted Gate B, P4 coupled run and candidate-bound receipts.",Named homes are inspected supporting locations only. Empty lists mean no suitable home verified in this bounded review. Test existence is not execution or acceptance.,,,
GC-STRATEGY-10,GC-STRATEGY,C,docs/LCA-GATE-C-SCENARIO.md,93,1. a brief pre-run strategy declaration from each Controller that does not reveal private chain-of-thought;,a brief pre-run strategy declaration from each Controller that does not reveal private chain-of-thought;,evidence_gap,OBSERVED,BLOCKED,"[""scenario""]",[],[],[],NOT_ESTABLISHED_FOR_CURRENT_CANDIDATE,"Accepted Gate B, P4 coupled run and candidate-bound receipts.",Named homes are inspected supporting locations only. Empty lists mean no suitable home verified in this bounded review. Test existence is not execution or acceptance.,,,
GC-STRATEGY-11,GC-STRATEGY,C,docs/LCA-GATE-C-SCENARIO.md,94,2. the realized action/consequence path;,the realized action/consequence path;,evidence_gap,OBSERVED,BLOCKED,"[""scenario""]",[],[],[],NOT_ESTABLISHED_FOR_CURRENT_CANDIDATE,"Accepted Gate B, P4 coupled run and candidate-bound receipts.",Named homes are inspected supporting locations only. Empty lists mean no suitable home verified in this bounded review. Test existence is not execution or acceptance.,,,
GC-STRATEGY-12,GC-STRATEGY,C,docs/LCA-GATE-C-SCENARIO.md,95,3. where the strategies diverged;,where the strategies diverged;,evidence_gap,OBSERVED,BLOCKED,"[""scenario""]",[],[],[],NOT_ESTABLISHED_FOR_CURRENT_CANDIDATE,"Accepted Gate B, P4 coupled run and candidate-bound receipts.",Named homes are inspected supporting locations only. Empty lists mean no suitable home verified in this bounded review. Test existence is not execution or acceptance.,,,
GC-STRATEGY-13,GC-STRATEGY,C,docs/LCA-GATE-C-SCENARIO.md,96,4. why each remained viable;,why each remained viable;,evidence_gap,OBSERVED,BLOCKED,"[""scenario""]",[],[],[],NOT_ESTABLISHED_FOR_CURRENT_CANDIDATE,"Accepted Gate B, P4 coupled run and candidate-bound receipts.",Named homes are inspected supporting locations only. Empty lists mean no suitable home verified in this bounded review. Test existence is not execution or acceptance.,,,
GC-STRATEGY-14,GC-STRATEGY,C,docs/LCA-GATE-C-SCENARIO.md,97,"5. any dominant script, dead mechanic, operator dependency, or forced convergence observed.","any dominant script, dead mechanic, operator dependency, or forced convergence observed.",evidence_gap,OBSERVED,BLOCKED,"[""scenario""]",[],[],[],NOT_ESTABLISHED_FOR_CURRENT_CANDIDATE,"Accepted Gate B, P4 coupled run and candidate-bound receipts.",Named homes are inspected supporting locations only. Empty lists mean no suitable home verified in this bounded review. Test existence is not execution or acceptance.,,,
GC-STRATEGY-15,GC-STRATEGY,C,docs/LCA-GATE-C-SCENARIO.md,99,"If one script dominates because alternatives are not executable, cannot recover, or never affect state, record an integration defect. Do not repair it by adding breadth during the run.","If one script dominates because alternatives are not executable, cannot recover, or never affect state, record an integration defect. Do not repair it by adding breadth during the run.",evidence_gap,OBSERVED,BLOCKED,"[""scenario""]",[],[],[],NOT_ESTABLISHED_FOR_CURRENT_CANDIDATE,"Accepted Gate B, P4 coupled run and candidate-bound receipts.",Named homes are inspected supporting locations only. Empty lists mean no suitable home verified in this bounded review. Test existence is not execution or acceptance.,,,
GC-PACK-01,GC-PACK,C,docs/LCA-GATE-C-SCENARIO.md,105,- candidate declaration and immutable version pins;,candidate declaration and immutable version pins;,evidence_gap,OBSERVED,BLOCKED,"[""scenario""]",[],[],[],NOT_ESTABLISHED_FOR_CURRENT_CANDIDATE,"Accepted Gate B, P4 coupled run and candidate-bound receipts.",Named homes are inspected supporting locations only. Empty lists mean no suitable home verified in this bounded review. Test existence is not execution or acceptance.,,,
GC-PACK-02,GC-PACK,C,docs/LCA-GATE-C-SCENARIO.md,106,- canonical start and end heads plus event/state commitment digests;,canonical start and end heads plus event/state commitment digests;,evidence_gap,OBSERVED,BLOCKED,"[""scenario""]",[],[],[],NOT_ESTABLISHED_FOR_CURRENT_CANDIDATE,"Accepted Gate B, P4 coupled run and candidate-bound receipts.",Named homes are inspected supporting locations only. Empty lists mean no suitable home verified in this bounded review. Test existence is not execution or acceptance.,,,
GC-PACK-03,GC-PACK,C,docs/LCA-GATE-C-SCENARIO.md,107,- restart and recovery receipts tied to the candidate heads;,restart and recovery receipts tied to the candidate heads;,evidence_gap,OBSERVED,BLOCKED,"[""scenario""]",[],[],[],NOT_ESTABLISHED_FOR_CURRENT_CANDIDATE,"Accepted Gate B, P4 coupled run and candidate-bound receipts.",Named homes are inspected supporting locations only. Empty lists mean no suitable home verified in this bounded review. Test existence is not execution or acceptance.,,,
GC-PACK-04,GC-PACK,C,docs/LCA-GATE-C-SCENARIO.md,108,- redacted Player transcripts or Agent Protocol action/receipt sequences;,redacted Player transcripts or Agent Protocol action/receipt sequences;,evidence_gap,OBSERVED,BLOCKED,"[""scenario""]",[],[],[],NOT_ESTABLISHED_FOR_CURRENT_CANDIDATE,"Accepted Gate B, P4 coupled run and candidate-bound receipts.",Named homes are inspected supporting locations only. Empty lists mean no suitable home verified in this bounded review. Test existence is not execution or acceptance.,,,
GC-PACK-05,GC-PACK,C,docs/LCA-GATE-C-SCENARIO.md,109,"- Controller identities by package/version/configuration class, not private prompts or credentials;","Controller identities by package/version/configuration class, not private prompts or credentials;",evidence_gap,OBSERVED,BLOCKED,"[""scenario""]",[],[],[],NOT_ESTABLISHED_FOR_CURRENT_CANDIDATE,"Accepted Gate B, P4 coupled run and candidate-bound receipts.",Named homes are inspected supporting locations only. Empty lists mean no suitable home verified in this bounded review. Test existence is not execution or acceptance.,,,
GC-PACK-06,GC-PACK,C,docs/LCA-GATE-C-SCENARIO.md,110,- WATCH capture covering the important public changes and declared unknowns;,WATCH capture covering the important public changes and declared unknowns;,evidence_gap,OBSERVED,BLOCKED,"[""scenario""]",[],[],[],NOT_ESTABLISHED_FOR_CURRENT_CANDIDATE,"Accepted Gate B, P4 coupled run and candidate-bound receipts.",Named homes are inspected supporting locations only. Empty lists mean no suitable home verified in this bounded review. Test existence is not execution or acceptance.,,,
GC-PACK-07,GC-PACK,C,docs/LCA-GATE-C-SCENARIO.md,111,"- a checklist trace mapping every coupled-path item to settled event, state, receipt, and later decision evidence;","a checklist trace mapping every coupled-path item to settled event, state, receipt, and later decision evidence;",evidence_gap,OBSERVED,BLOCKED,"[""scenario""]",[],[],[],NOT_ESTABLISHED_FOR_CURRENT_CANDIDATE,"Accepted Gate B, P4 coupled run and candidate-bound receipts.",Named homes are inspected supporting locations only. Empty lists mean no suitable home verified in this bounded review. Test existence is not execution or acceptance.,,,
GC-PACK-08,GC-PACK,C,docs/LCA-GATE-C-SCENARIO.md,112,- strategy-plurality comparison and defect log;,strategy-plurality comparison and defect log;,evidence_gap,OBSERVED,BLOCKED,"[""scenario""]",[],[],[],NOT_ESTABLISHED_FOR_CURRENT_CANDIDATE,"Accepted Gate B, P4 coupled run and candidate-bound receipts.",Named homes are inspected supporting locations only. Empty lists mean no suitable home verified in this bounded review. Test existence is not execution or acceptance.,,,
GC-PACK-09,GC-PACK,C,docs/LCA-GATE-C-SCENARIO.md,113,"- operator actions, external inputs, incidents, exclusions, and redactions;","operator actions, external inputs, incidents, exclusions, and redactions;",evidence_gap,OBSERVED,BLOCKED,"[""scenario""]",[],[],[],NOT_ESTABLISHED_FOR_CURRENT_CANDIDATE,"Accepted Gate B, P4 coupled run and candidate-bound receipts.",Named homes are inspected supporting locations only. Empty lists mean no suitable home verified in this bounded review. Test existence is not execution or acceptance.,,,
GC-PACK-10,GC-PACK,C,docs/LCA-GATE-C-SCENARIO.md,114,"- a final `PASS`, `FAIL`, or `NOT_COMPUTABLE` verdict with reasons.","a final `PASS`, `FAIL`, or `NOT_COMPUTABLE` verdict with reasons.",evidence_gap,OBSERVED,BLOCKED,"[""scenario""]",[],[],[],NOT_ESTABLISHED_FOR_CURRENT_CANDIDATE,"Accepted Gate B, P4 coupled run and candidate-bound receipts.",Named homes are inspected supporting locations only. Empty lists mean no suitable home verified in this bounded review. Test existence is not execution or acceptance.,,,
GC-PACK-11,GC-PACK,C,docs/LCA-GATE-C-SCENARIO.md,116,"Missing evidence is not a pass. If a surface is not deployed, mark the item `NOT_COMPUTABLE` or fail the candidate rather than substituting a unit test.","Missing evidence is not a pass. If a surface is not deployed, mark the item `NOT_COMPUTABLE` or fail the candidate rather than substituting a unit test.",evidence_gap,OBSERVED,BLOCKED,"[""scenario""]",[],[],[],NOT_ESTABLISHED_FOR_CURRENT_CANDIDATE,"Accepted Gate B, P4 coupled run and candidate-bound receipts.",Named homes are inspected supporting locations only. Empty lists mean no suitable home verified in this bounded review. Test existence is not execution or acceptance.,,,
GC-VERDICT-01,GC-VERDICT,C,docs/LCA-GATE-C-SCENARIO.md,122,- all eight coupled paths are supported by the evidence pack;,all eight coupled paths are supported by the evidence pack;,evidence_gap,OBSERVED,BLOCKED,"[""scenario""]",[],[],[],NOT_ESTABLISHED_FOR_CURRENT_CANDIDATE,"Accepted Gate B, P4 coupled run and candidate-bound receipts.",Named homes are inspected supporting locations only. Empty lists mean no suitable home verified in this bounded review. Test existence is not execution or acceptance.,,,
GC-VERDICT-02,GC-VERDICT,C,docs/LCA-GATE-C-SCENARIO.md,123,- at least two materially different viable strategies are observed;,at least two materially different viable strategies are observed;,evidence_gap,OBSERVED,BLOCKED,"[""scenario""]",[],[],[],NOT_ESTABLISHED_FOR_CURRENT_CANDIDATE,"Accepted Gate B, P4 coupled run and candidate-bound receipts.",Named homes are inspected supporting locations only. Empty lists mean no suitable home verified in this bounded review. Test existence is not execution or acceptance.,,,
GC-VERDICT-03,GC-VERDICT,C,docs/LCA-GATE-C-SCENARIO.md,124,- at least one bounded institution participates in a consequential decision;,at least one bounded institution participates in a consequential decision;,evidence_gap,OBSERVED,BLOCKED,"[""scenario""]",[],[],[],NOT_ESTABLISHED_FOR_CURRENT_CANDIDATE,"Accepted Gate B, P4 coupled run and candidate-bound receipts.",Named homes are inspected supporting locations only. Empty lists mean no suitable home verified in this bounded review. Test existence is not execution or acceptance.,,,
GC-VERDICT-04,GC-VERDICT,C,docs/LCA-GATE-C-SCENARIO.md,125,- restart/recovery preserves strategically durable consequences;,restart/recovery preserves strategically durable consequences;,evidence_gap,OBSERVED,BLOCKED,"[""scenario""]",[],[],[],NOT_ESTABLISHED_FOR_CURRENT_CANDIDATE,"Accepted Gate B, P4 coupled run and candidate-bound receipts.",Named homes are inspected supporting locations only. Empty lists mean no suitable home verified in this bounded review. Test existence is not execution or acceptance.,,,
GC-VERDICT-05,GC-VERDICT,C,docs/LCA-GATE-C-SCENARIO.md,126,"- no forbidden fill, undeclared operator script, new verb, Genesis mutation, or hidden-information leak is required.","no forbidden fill, undeclared operator script, new verb, Genesis mutation, or hidden-information leak is required.",evidence_gap,OBSERVED,BLOCKED,"[""scenario""]",[],[],[],NOT_ESTABLISHED_FOR_CURRENT_CANDIDATE,"Accepted Gate B, P4 coupled run and candidate-bound receipts.",Named homes are inspected supporting locations only. Empty lists mean no suitable home verified in this bounded review. Test existence is not execution or acceptance.,,,
GC-VERDICT-06,GC-VERDICT,C,docs/LCA-GATE-C-SCENARIO.md,128,"A Gate C pass does not by itself pass Gate D, E, or F and does not authorize production cutover.","A Gate C pass does not by itself pass Gate D, E, or F and does not authorize production cutover.",evidence_gap,OBSERVED,BLOCKED,"[""scenario""]",[],[],[],NOT_ESTABLISHED_FOR_CURRENT_CANDIDATE,"Accepted Gate B, P4 coupled run and candidate-bound receipts.",Named homes are inspected supporting locations only. Empty lists mean no suitable home verified in this bounded review. Test existence is not execution or acceptance.,,,
G01,PLAN-G,,docs/evidence/SPECS-RUNTIME-GAP-CLOSURE-2026-09-07.md,65,"| G01 | Current guidance mixes historical proof pins, repository alignment, live build, and old client references | Documentation/provenance reconciliation | Dated source/deploy/client matrix with each authority and unresolved evidence distinguished. |","Current guidance mixes historical proof pins, repository alignment, live build, and old client references",evidence_gap,OBSERVED,NO_PROMOTION,"[""identity"", ""acceptance""]",[],[],"[""plan"", ""client""]",NOT_ESTABLISHED_FOR_CURRENT_CANDIDATE,This P0 packet plus review of unresolved alignment/current candidate proof.,Named homes are inspected supporting locations only. Empty lists mean no suitable home verified in this bounded review. Test existence is not execution or acceptance.,Documentation/provenance reconciliation,Dated source/deploy/client matrix with each authority and unresolved evidence distinguished.,
G02,PLAN-G,,docs/evidence/SPECS-RUNTIME-GAP-CLOSURE-2026-09-07.md,66,| G02 | Specs CI does not run validators; runtime PR CI does not run Worker/Python suites | Confirmed verification defect (Specs #324; runtime issue to draft after approval) | Real PR CI executes declared checks; invalid temporary fixtures cause nonzero failure. Worker checks in dispatch-only deployment are not PR regression coverage. |,Specs CI does not run validators; runtime PR CI does not run Worker/Python suites,runtime_gap,OBSERVED,NO_PROMOTION,"[""identity"", ""acceptance""]",[],[],"[""plan""]",NOT_ESTABLISHED_FOR_CURRENT_CANDIDATE,P1 verification owner and labeled defects. CI/validators outside this owner scope.,Named homes are inspected supporting locations only. Empty lists mean no suitable home verified in this bounded review. Test existence is not execution or acceptance.,Confirmed verification defect (Specs #324; runtime issue to draft after approval),Real PR CI executes declared checks; invalid temporary fixtures cause nonzero failure. Worker checks in dispatch-only deployment are not PR regression coverage.,
G03,PLAN-G,,docs/evidence/SPECS-RUNTIME-GAP-CLOSURE-2026-09-07.md,67,| G03 | Population health counter is not a reliable independent-Agent census | Observability/contract ambiguity | Reviewed definition and tests; acceptance uses participant-bound evidence rather than inferred population. |,Population health counter is not a reliable independent-Agent census,ambiguous,OBSERVED,NO_PROMOTION,"[""identity"", ""acceptance""]","[""counter-source""]","[""counter-test""]","[""plan""]",NOT_ESTABLISHED_FOR_CURRENT_CANDIDATE,Reviewed metric definition and tests before changing existing consumers.,Named homes are inspected supporting locations only. Empty lists mean no suitable home verified in this bounded review. Test existence is not execution or acceptance.,Observability/contract ambiguity,Reviewed definition and tests; acceptance uses participant-bound evidence rather than inferred population.,
G04,PLAN-G,,docs/evidence/SPECS-RUNTIME-GAP-CLOSURE-2026-09-07.md,68,"| G04 | Latest Gate B enrollment/provenance hardening exists after the recorded deployed source | Source-to-deployment delta | Requirement-by-requirement decision: existing live path sufficient, candidate deployment needed, or missing evidence. |",Latest Gate B enrollment/provenance hardening exists after the recorded deployed source,deployment_gap,OBSERVED,NO_PROMOTION,"[""acceptance"", ""scenario"", ""identity""]","[""enroll-source""]","[""enroll-test""]","[""plan""]",NOT_ESTABLISHED_FOR_CURRENT_CANDIDATE,P2 requirement-level source-to-live review and explicit deploy decision only if needed.,Named homes are inspected supporting locations only. Empty lists mean no suitable home verified in this bounded review. Test existence is not execution or acceptance.,Source-to-deployment delta,"Requirement-by-requirement decision: existing live path sufficient, candidate deployment needed, or missing evidence.",
G05,PLAN-G,,docs/evidence/SPECS-RUNTIME-GAP-CLOSURE-2026-09-07.md,69,"| G05 | Client pin advanced, but current Worker enrollment/action/reconnect acceptance remains unproven | Client/server integration evidence | Exact released artifact + supported enrollment + observe/action/refusal/resync/reconnect receipts. |","Client pin advanced, but current Worker enrollment/action/reconnect acceptance remains unproven",evidence_gap,OBSERVED,NO_PROMOTION,"[""acceptance"", ""scenario"", ""identity""]",[],[],"[""plan"", ""client""]",NOT_ESTABLISHED_FOR_CURRENT_CANDIDATE,P2 exact released artifact and authorized C7 integration receipts.,Named homes are inspected supporting locations only. Empty lists mean no suitable home verified in this bounded review. Test existence is not execution or acceptance.,Client/server integration evidence,Exact released artifact + supported enrollment + observe/action/refusal/resync/reconnect receipts.,
G06,PLAN-G,,docs/evidence/SPECS-RUNTIME-GAP-CLOSURE-2026-09-07.md,70,"| G06 | Distinct IDs or opaque enrollment receipts do not establish autonomous decision independence | Evidence sufficiency | Separate contexts/state/history/credentials and no shared gameplay planner, verified without collecting private cognition. |",Distinct IDs or opaque enrollment receipts do not establish autonomous decision independence,evidence_gap,OBSERVED,NO_PROMOTION,"[""acceptance"", ""scenario"", ""identity""]","[""enroll-source""]","[""enroll-test""]","[""plan""]",NOT_ESTABLISHED_FOR_CURRENT_CANDIDATE,"P3 reviewer verifies separate decision contexts, not merely IDs or subprocesses.",Named homes are inspected supporting locations only. Empty lists mean no suitable home verified in this bounded review. Test existence is not execution or acceptance.,Evidence sufficiency,"Separate contexts/state/history/credentials and no shared gameplay planner, verified without collecting private cognition.",
G07,PLAN-G,,docs/evidence/SPECS-RUNTIME-GAP-CLOSURE-2026-09-07.md,71,| G07 | Gate B has no accepted external-population packet | Owner-blocked acceptance | Supported human approvals and three independent external Controllers satisfy all five Gate B requirements. |,Gate B has no accepted external-population packet,evidence_gap,OBSERVED,NO_PROMOTION,"[""acceptance"", ""scenario"", ""identity""]","[""enroll-source""]","[""enroll-test""]","[""plan""]",NOT_ESTABLISHED_FOR_CURRENT_CANDIDATE,P0–P2 prerequisites plus explicit P3 human enrollment/run authorization.,Named homes are inspected supporting locations only. Empty lists mean no suitable home verified in this bounded review. Test existence is not execution or acceptance.,Owner-blocked acceptance,Supported human approvals and three independent external Controllers satisfy all five Gate B requirements.,
G08,PLAN-G,,docs/evidence/SPECS-RUNTIME-GAP-CLOSURE-2026-09-07.md,72,"| G08 | Existing systems have not passed the required civilization scenario | Gate C integration acceptance | All eight coupled paths, two viable strategies, consequential institution, and restart preservation. |",Existing systems have not passed the required civilization scenario,evidence_gap,OBSERVED,NO_PROMOTION,"[""acceptance"", ""scenario"", ""identity""]",[],[],"[""plan""]",NOT_ESTABLISHED_FOR_CURRENT_CANDIDATE,Accepted Gate B then complete P4 eight-path/strategy/institution/restart packet.,Named homes are inspected supporting locations only. Empty lists mean no suitable home verified in this bounded review. Test existence is not execution or acceptance.,Gate C integration acceptance,"All eight coupled paths, two viable strategies, consequential institution, and restart preservation.",
G09,PLAN-G,,docs/evidence/SPECS-RUNTIME-GAP-CLOSURE-2026-09-07.md,73,| G09 | WATCH under natural multi-agent pressure and endurance are unproven | Gates D/E evidence | Public-only blind review; four-hour then 24-hour run with recovery and incident receipts. |,WATCH under natural multi-agent pressure and endurance are unproven,evidence_gap,OBSERVED,NO_PROMOTION,"[""acceptance"", ""scenario"", ""identity""]",[],[],"[""plan""]",NOT_ESTABLISHED_FOR_CURRENT_CANDIDATE,P4 then P5 blind review and approved endurance/recovery.,Named homes are inspected supporting locations only. Empty lists mean no suitable home verified in this bounded review. Test existence is not execution or acceptance.,Gates D/E evidence,Public-only blind review; four-hour then 24-hour run with recovery and incident receipts.,
G10,PLAN-G,,docs/evidence/SPECS-RUNTIME-GAP-CLOSURE-2026-09-07.md,74,| G10 | Successor decision and later hosted research reopening remain downstream | Governance/deferred | Gate F decision packet; separately authorized deployment/research decisions. |,Successor decision and later hosted research reopening remain downstream,deferred,OBSERVED,NO_PROMOTION,"[""acceptance"", ""scenario"", ""identity""]",[],[],"[""plan""]",NOT_ESTABLISHED_FOR_CURRENT_CANDIDATE,P6 after A–E; hosted research reopening remains separately governed.,Named homes are inspected supporting locations only. Empty lists mean no suitable home verified in this bounded review. Test existence is not execution or acceptance.,Governance/deferred,Gate F decision packet; separately authorized deployment/research decisions.,
G11,PLAN-G,,docs/evidence/SPECS-RUNTIME-GAP-CLOSURE-2026-09-07.md,75,"| G11 | WATCH fallback can select private fidelity, including when public fidelity is legitimately zero; controller count comes from the first reconstruction | Source-level projection/privacy defect candidate; no live private disclosure exercised | Isolated negative/zero-value tests fail on current code; public-only projection passes without scope expansion. |","WATCH fallback can select private fidelity, including when public fidelity is legitimately zero; controller count comes from the first reconstruction",ambiguous,OBSERVED,NO_PROMOTION,"[""acceptance"", ""scenario"", ""identity""]","[""watch-source""]","[""watch-test""]","[""plan""]",NOT_ESTABLISHED_FOR_CURRENT_CANDIDATE,"P2.1 reproduce negative/zero-value cases at the actual boundary, review selection semantics.",Named homes are inspected supporting locations only. Empty lists mean no suitable home verified in this bounded review. Test existence is not execution or acceptance.,Source-level projection/privacy defect candidate; no live private disclosure exercised,Isolated negative/zero-value tests fail on current code; public-only projection passes without scope expansion.,
G12,PLAN-G,,docs/evidence/SPECS-RUNTIME-GAP-CLOSURE-2026-09-07.md,76,| G12 | Worker and cohort binding digests serialize Controller IDs differently | Source-level integration mismatch; full end-to-end failure not yet exercised | A reviewed compatible binding contract passes Worker response → client persistence → cohort preflight. |,Worker and cohort binding digests serialize Controller IDs differently,ambiguous,OBSERVED,NO_PROMOTION,"[""acceptance"", ""scenario"", ""identity""]","[""enroll-source""]","[""enroll-test""]","[""plan""]",NOT_ESTABLISHED_FOR_CURRENT_CANDIDATE,P2.2 review adapter/serialization contract and reproduce actual response-to-client-to-cohort path.,Named homes are inspected supporting locations only. Empty lists mean no suitable home verified in this bounded review. Test existence is not execution or acceptance.,Source-level integration mismatch; full end-to-end failure not yet exercised,A reviewed compatible binding contract passes Worker response → client persistence → cohort preflight.,
G13,PLAN-G,,docs/evidence/SPECS-RUNTIME-GAP-CLOSURE-2026-09-07.md,77,"| G13 | Some rendering tests assert true on empty fixtures; direct-module golden path bypasses parts of HTTP/DO routing | Confirmed coverage limitations, not blanket runtime failure | Observable rendering assertions and an actual supported transport/identity/projection boundary test. |",Some rendering tests assert true on empty fixtures; direct-module golden path bypasses parts of HTTP/DO routing,evidence_gap,OBSERVED,NO_PROMOTION,"[""acceptance"", ""scenario"", ""identity""]","[""watch-source""]","[""watch-test""]","[""plan""]",NOT_ESTABLISHED_FOR_CURRENT_CANDIDATE,P2.3 real transport/identity/projection and nonempty rendering tests.,Named homes are inspected supporting locations only. Empty lists mean no suitable home verified in this bounded review. Test existence is not execution or acceptance.,"Confirmed coverage limitations, not blanket runtime failure",Observable rendering assertions and an actual supported transport/identity/projection boundary test.,
